,amplitude,frequency,autoCorrelation,zeroCrossing,rmse,pitch,spec_centroid,spec_rolloff,onsetEnvelop,tempogram,nomality
0,10.681386454659298,11025.0,0.5000000000000258,0.010848276315142596,0.045848154,1.4628686079457003,73.59376655340309,103.87646163187001,0.4805404928877419,0.15468892593777617,0
1,11.400355569184185,11025.0,0.5000000000000413,0.010846002536778273,0.045803856,1.4629189115382342,88.27606005786814,3.5739001456331936,0.40923337874714805,0.17091228002481726,0
2,11.42532586083394,11025.0,0.5000000000000075,0.010843699233145505,0.045810405,1.4628613507140198,74.01967480695524,18.55815532040583,0.40579061968431485,0.19154987168824594,0
3,11.529043423086407,11025.0,0.5000000000000114,0.010843658565130327,0.045863517,1.5980881403100473,126.5008621006289,16.28294704943146,0.6207285990422594,0.12229240551642019,0
4,11.032724484309634,11025.0,0.5000000000000467,0.01090302253651928,0.04628762,1.4630010546199188,155.40044333919394,190.32663399133241,1.174681123050304,0.08607917319769193,0
5,11.012346605543911,11025.0,0.5000000000000274,0.010875304450501689,0.04576144,1.4629134061815479,61.214751164208394,17.385570927659504,0.3743791521766989,0.159157736124261,0
6,11.114640423894274,11025.0,0.5000000000000091,0.010848276315142596,0.045707665,1.4629367315909152,68.08596287191861,36.61070407807842,0.3906426071280098,0.11503857796803293,0
7,11.1939297474054,11025.0,0.5000000000000162,0.010842543040100449,0.04591932,1.46289394917195,73.15272624785796,17.385570927659504,0.4261578123296614,0.1732950842134744,0
8,10.893444988057587,11025.0,0.5000000000000432,0.010876462953138353,0.045652177,1.462905586062559,64.95280283932519,30.398184487110363,0.5251983341855302,0.12552606940933142,0
9,10.311087735864666,11025.0,0.5000000000000177,0.010843699233145505,0.04575315,1.462908056808585,88.51587057759511,32.34316062656502,0.5084040305809443,0.14043085695382734,0
10,11.024193778456704,11025.0,0.5000000000000215,0.010843658565130327,0.045637935,1.4629262687045772,53.58579208888699,31.007735054845732,0.41999740129228785,0.17769349135572862,0
11,10.57351925198688,11025.0,0.49999999999998884,0.010859011520389832,0.045781605,1.4629256495570362,130.17541836696998,29.376404651694525,1.1726579709104403,0.06450881211736065,0
12,11.18595151961727,11025.0,0.5000000000000593,0.010840221566709421,0.045800276,1.4629103782116635,87.89220810168624,62.60755948588546,0.6040632700855727,0.12866328567560958,0
13,10.57351925198688,11025.0,0.49999999999998884,0.010859011520389832,0.045781605,1.4629256495570362,130.17541836696998,29.376404651694525,1.1726579709104403,0.06450881211736065,0
14,10.882306729894214,11025.0,0.5000000000000251,0.010862491870635699,0.046240684,1.4629362886670574,96.87569567966091,183.5534853853862,0.5012418355178888,0.17537849445225548,0
15,10.852108300042532,11025.0,0.5000000000000336,0.010876462953138353,0.046125032,1.4629757476224048,128.64735740968882,211.89286727409373,0.8514269496415108,0.1250315491587676,0
16,10.84824739852098,11025.0,0.5000000000000621,0.010845973494380459,0.045836,1.4629173805256883,112.85549898753884,157.06830505280027,0.5175519658651183,0.1442223025638313,0
17,10.837649155876708,11025.0,0.5000000000000042,0.010836716623751224,0.0457152,1.462899938429416,82.85280579487524,5.108509250001504,0.5359577022241885,0.12970477322106858,0
18,10.966682109321287,11025.0,0.5000000000000683,0.010825595602817682,0.045750037,1.4630455932055486,67.9234320753708,229.69116725103214,0.3810101729281847,0.17223653940309197,0
19,10.004944967405832,11025.0,0.5000000000000361,0.01084712641783959,0.045620866,1.4629113484025278,165.94688879904757,97.10805402355918,0.9242196319489051,0.10683579207247591,0
20,11.124614138319712,11025.0,0.5000000000000453,0.010878770901837679,0.04587792,1.4629124060803775,68.77175339768172,84.41749263274897,0.4670319594349022,0.14437930308138064,0
21,11.646458011518032,11025.0,0.5000000000000053,0.010840221566709421,0.04573951,1.497169910424341,150.074185095008,17.965233934122715,0.5276413545347338,0.1333050120726998,0
22,11.738257771173338,11025.0,0.5000000000000737,0.010874142927721382,0.045779623,1.4628958477909983,76.34468125864339,4.738341676832345,0.40177437015781503,0.17202301583285687,0
23,10.741061432068067,11025.0,0.5000000000000449,0.01084712641783959,0.04568951,1.4628998891538436,64.03457167834914,75.69094989988554,0.350185066218779,0.1799788831264732,0
24,11.629015192588776,11025.0,0.5000000000000233,0.010836716623751224,0.045790307,1.4628852198123798,100.28912163146107,8.03162772332782,0.46559031600300516,0.1704324629191807,0
25,11.589830423692964,11025.0,0.5000000000000159,0.010841383818278977,0.04576178,1.4629159811498909,73.13464735268454,5.935035307170742,0.31030947207882476,0.19702110780608179,0
26,10.69703235930549,11025.0,0.5000000000000443,0.010882210197838542,0.045709003,1.4629115752762434,78.97555190002846,73.80701792238044,0.4660107102990159,0.10641111676469991,0
27,11.172618750335243,11025.0,0.5000000000000091,0.010850314469953826,0.046327878,1.463015540580783,137.436544756254,185.6143126199476,1.1647076477156058,0.1219246258405896,0
28,11.465701248460089,11025.0,0.500000000000042,0.01084712641783959,0.045852393,1.4629273051993574,64.56169308432895,141.16360415581346,0.4353243468125213,0.18473425667997215,0
29,10.850123779399263,11025.0,0.5000000000000409,0.010849652547125761,0.0459057,1.46291587547357,76.91039918300086,87.58691701690502,0.39561421065086916,0.16301459146059336,0
30,11.41130385684266,11025.0,0.5000000000000294,0.01085057284115289,0.045918316,1.4629047202403873,78.02356775263375,87.31547021180164,0.3809669288531516,0.19026293463171332,0
31,11.42532586083394,11025.0,0.5000000000000075,0.010843699233145505,0.045810405,1.4628613507140198,74.01967480695524,18.55815532040583,0.40579061968431485,0.19154987168824594,0
32,11.59692104068702,11025.0,0.5000000000000193,0.010876462953138351,0.045730893,1.462908536073383,73.68726894791769,18.51932809275516,0.3282428647523708,0.19644181684511233,0
33,11.240522179988506,11025.0,0.5000000000000325,0.010854354807491034,0.045826897,1.4628915011324217,103.92354742203997,73.89577517168266,0.539147627546699,0.13252042652201917,0
34,11.094270270205994,11025.0,0.5000000000000534,0.01084712641783959,0.045715526,1.462937938419196,60.5537631569174,8.564995627460759,0.4751931571539263,0.12992247729354106,0
35,11.012346605543911,11025.0,0.5000000000000274,0.010875304450501689,0.04576144,1.4629134061815479,61.214751164208394,17.385570927659504,0.3743791521766989,0.159157736124261,0
36,11.42532586083394,11025.0,0.5000000000000075,0.010843699233145505,0.045810405,1.4628613507140198,74.01967480695524,18.55815532040583,0.40579061968431485,0.19154987168824594,0
37,10.96300114108796,11025.0,0.5000000000000508,0.010879920349821512,0.045983907,1.480065108104989,112.67073574785236,94.07667912613788,0.5181120634153992,0.13258140298667354,0
38,11.12321441489695,11025.0,0.5000000000000445,0.010878770901837679,0.0458094,1.5317882954165714,137.30124330196404,11.806680323005812,0.6435037886157917,0.10045720186812064,0
39,11.999342978109802,11025.0,0.5000000000000427,0.01080019020644829,0.04573075,1.5981671697808166,176.48379553929016,23.04086221770398,0.704547795984915,0.1381827914213991,0
40,10.61849922084084,11025.0,0.5000000000000582,0.010852845661993345,0.045714475,1.4630504062724585,84.4507973405738,62.09740521572794,0.5723785985427325,0.14433959447548403,0
41,10.347923155477265,11025.0,0.5000000000000578,0.010853980442890038,0.046803165,1.497351652844027,141.29320162488918,324.188491200393,0.6876576995009995,0.1764470528338377,0
42,11.18595151961727,11025.0,0.5000000000000593,0.010840221566709421,0.045800276,1.4629103782116635,87.89220810168624,62.60755948588546,0.6040632700855727,0.12866328567560958,0
43,11.237443124353241,11025.0,0.5000000000000083,0.010879920349821512,0.04566295,1.4629044220361092,88.52566930306935,28.772747985966593,0.31981233453698676,0.152308901021747,0
44,11.192896910739693,11025.0,0.500000000000056,0.01087877090183768,0.045664757,1.4629146960239,79.2232068801466,179.1080567198886,0.6822791420008882,0.13604857438973192,0
45,10.837649155876708,11025.0,0.5000000000000042,0.010836716623751224,0.0457152,1.462899938429416,82.85280579487524,5.108509250001504,0.5359577022241885,0.12970477322106858,0
46,11.534994913844042,11025.0,0.5000000000000566,0.01084481754380007,0.04582366,1.4629871042861633,106.76477282746848,7.156365663172622,0.4520803039073813,0.17484812296256025,0
47,11.42811237520021,11025.0,0.5000000000000026,0.01084712641783959,0.045568585,1.4629494720342564,78.10029934260187,38.42757266354558,0.4263728848001524,0.16779243670812244,0
48,11.409565073218491,11025.0,0.5000000000000204,0.010875304450501689,0.045758065,1.4629305970418691,97.13735750027402,39.31095371190176,0.8364423366813705,0.11904672359281565,0
49,10.400834779165674,11025.0,0.5000000000000374,0.01084597349438046,0.045813244,1.46292464959286,99.97900375403795,159.29274804891227,0.43802111541717037,0.1398199175325269,0
50,11.403857824086632,11025.0,0.5000000000000651,0.010882210197838542,0.045728724,1.4628991999549057,97.0042177108767,14.8546094757151,0.8703032538063814,0.1508319316635909,0
51,11.11607766658383,11025.0,0.500000000000009,0.010844852398382858,0.045867976,1.462929590379929,129.54431884239952,17.060112854847336,1.1517324769112791,0.09210092847370381,0
52,9.821295200788962,11025.0,0.5000000000000481,0.01092299068188428,0.045743156,1.4629860854360708,195.78866368950926,106.73224639999157,0.9501389949194885,0.07798354304128008,0
53,11.172618750335243,11025.0,0.5000000000000091,0.010850314469953826,0.046327878,1.463015540580783,137.436544756254,185.6143126199476,1.1647076477156058,0.1219246258405896,0
54,11.220248522588662,11025.0,0.5000000000000294,0.01084942318725168,0.045764603,1.4628754521177392,57.51283754816827,15.667476636991339,0.2937563459390875,0.17150190934227255,0
55,11.74499347860161,11025.0,0.500000000000015,0.010894085939274755,0.04573973,1.4628729444172006,142.3038915962371,8.719172609812281,0.38370865305038643,0.17371145668440613,0
56,10.448559930704082,11025.0,0.5000000000000216,0.01084942318725168,0.045779414,1.462929296696943,83.64414253607268,28.71840444528795,0.5983042795060701,0.10867592721876987,0
57,12.368420094196985,11025.0,0.4999999999999766,0.010842543040100449,0.04575095,1.462889593438205,82.78982125720394,3.9290689930613025,0.33173731629390907,0.14144782711148918,0
58,11.133891936404991,11025.0,0.5000000000000413,0.010875304450501689,0.045770045,1.4629012366582141,119.40211764813643,30.065865327880545,0.6818406852751782,0.11303309772253525,0
59,11.452838828030613,11025.0,0.5000000000000185,0.01081195210167173,0.045787923,1.648307188237144,181.58177907244905,66.98512562873975,0.631307266236797,0.1432910723685176,0
60,11.032724484309634,11025.0,0.5000000000000467,0.01090302253651928,0.04628762,1.4630010546199188,155.40044333919394,190.32663399133241,1.174681123050304,0.08607917319769193,0
61,11.08613794067742,11025.0,0.500000000000046,0.010877618436596336,0.04568931,1.4629112520417478,75.39922069792313,8.10187376612991,0.39271325972171583,0.17437300400784683,0
62,10.837649155876708,11025.0,0.5000000000000042,0.010836716623751224,0.0457152,1.462899938429416,82.85280579487524,5.108509250001504,0.5359577022241885,0.12970477322106858,0
63,11.115255530461098,11025.0,0.5000000000000525,0.010842543040100449,0.045743067,1.462851004237329,71.4606282038833,32.72212233618014,0.5131792922578651,0.11767029676234379,0
64,11.142084678081387,11025.0,0.4999999999999942,0.010841331519635686,0.04574106,1.4629172442075828,78.98033019805104,28.848763137821667,0.558383320180688,0.1704548981579606,0
65,11.183090170813484,11025.0,0.5000000000000224,0.01084712641783959,0.045735024,1.4629043348331172,49.59407820773279,24.61990149457077,0.40416291938874643,0.17285380353913657,0
66,10.988644000260294,11025.0,0.5000000000000285,0.010875304450501689,0.045655012,1.462926029965627,53.709668368578605,23.51652423995953,0.29861564909859156,0.19761642085080827,0
67,11.04864620333414,11025.0,0.5000000000000313,0.010878770901837679,0.045793142,1.4629424914855846,88.8786251815172,149.93873314815846,0.5029551526604753,0.18369407038286537,0
68,11.138654104087983,11025.0,0.5000000000000294,0.010887100926898444,0.0457521,1.4628351655292295,89.08359215377114,39.290689930613034,0.376707177870569,0.16922421523286707,0
69,11.339439161517838,11025.0,0.5000000000000323,0.01084022156670942,0.04578032,1.462901481988406,78.39311695179657,6.329629048774346,0.4240465920573155,0.13794782784638573,0
70,11.47988021414187,11025.0,0.5000000000000228,0.010876462953138353,0.0458213,1.4629377962218566,69.6146449073971,7.046377304305473,0.30192556234960743,0.19370191825174812,0
71,11.133891936404991,11025.0,0.5000000000000413,0.010875304450501689,0.045770045,1.4629012366582141,119.40211764813643,30.065865327880545,0.6818406852751782,0.11303309772253525,0
72,12.368420094196985,11025.0,0.4999999999999766,0.010842543040100449,0.04575095,1.462889593438205,82.78982125720394,3.9290689930613025,0.33173731629390907,0.14144782711148918,0
73,11.393069028123676,11025.0,0.5000000000000419,0.010879920349821513,0.045691863,1.4629635460896986,67.50261610040813,14.183746436816252,0.49270551750036945,0.13914411409273436,0
74,10.907365705328996,11025.0,0.5000000000000379,0.010879920349821512,0.04586026,1.462917821569729,76.87420145100344,83.27479209527078,0.6070063061886061,0.1686448256452927,0
75,11.70256955970126,11025.0,0.5000000000000663,0.01084597349438046,0.04571067,1.4628999857873812,59.335562120403374,8.23127190464182,0.3248732706140309,0.13513997919893972,0
76,11.498916769358567,11025.0,0.5000000000000413,0.010876462953138351,0.045830607,1.4629377753670387,101.84308028272467,8.692785463829756,0.27152665111393876,0.1826874575367541,0
77,11.74499347860161,11025.0,0.500000000000015,0.010894085939274755,0.04573973,1.4628729444172006,142.3038915962371,8.719172609812281,0.38370865305038643,0.17371145668440613,0
78,11.999342978109802,11025.0,0.5000000000000427,0.01080019020644829,0.04573075,1.5981671697808166,176.48379553929016,23.04086221770398,0.704547795984915,0.1381827914213991,0
79,10.488701894409417,11025.0,0.5000000000000124,0.01087877090183768,0.046147984,1.462990384452706,116.71847212887397,160.29506989107034,0.6470027043382394,0.15708698205445076,0
80,11.04864620333414,11025.0,0.5000000000000313,0.010878770901837679,0.045793142,1.4629424914855846,88.8786251815172,149.93873314815846,0.5029551526604753,0.18369407038286537,0
81,11.219342637317878,11025.0,0.5000000000000527,0.010872978383829536,0.045901548,1.462931831943441,88.14996843151125,260.402910672234,0.431880554516263,0.18187455421972873,0
82,10.69703235930549,11025.0,0.5000000000000443,0.010882210197838542,0.045709003,1.4629115752762434,78.97555190002846,73.80701792238044,0.4660107102990159,0.10641111676469991,0
83,11.208244202369137,11025.0,0.5000000000000383,0.010875304450501689,0.045398522,1.4629565162929268,66.79910694936308,189.8737081378632,0.285135268501796,0.1677950486609911,0
84,11.465701248460089,11025.0,0.500000000000042,0.01084712641783959,0.045852393,1.4629273051993574,64.56169308432895,141.16360415581346,0.4353243468125213,0.18473425667997215,0
85,11.350053480673138,11025.0,0.4999999999999975,0.010848276315142596,0.045981906,1.4629528280697708,81.37958546103084,39.69940134677024,0.4499265418020187,0.13976026671877337,0
86,10.607821586274538,11025.0,0.5000000000000452,0.010874142927721382,0.045881417,1.4629171484287966,79.53478499521185,225.53534812526726,0.41205190214945553,0.17329715749873537,0
87,10.899764244534547,11025.0,0.5000000000000593,0.01086594501601203,0.0457282,1.4629343051344743,85.95284251755237,10.162912108176956,0.478880853139027,0.1674380720991875,0
88,12.140134927945894,11025.0,0.5000000000000419,0.010840163450859844,0.04574124,1.4628996006570945,43.31878810060405,3.932964947407721,0.34205978101605344,0.17111358442076405,0
89,10.194190226387871,11025.0,0.5000000000000239,0.010841383818278977,0.045754872,1.462901467795971,91.9925501166412,28.6543389183364,0.486370827350547,0.1493278967125768,0
90,11.001560326127082,11025.0,0.5000000000000185,0.010840221566709421,0.045774635,1.5135370861072606,109.31251483957804,9.65281519396552,0.5916762849774062,0.17181709356519126,0
91,11.47988021414187,11025.0,0.5000000000000228,0.010876462953138353,0.0458213,1.4629377962218566,69.6146449073971,7.046377304305473,0.30192556234960743,0.19370191825174812,0
92,11.74488342495658,11025.0,0.5000000000000204,0.010843699233145505,0.045756225,1.4628946887696652,70.66785406240535,2.783778313986215,0.37036287250723315,0.14346699211899258,0
93,11.765795648448005,11025.0,0.5000000000000476,0.010850567035126104,0.045697123,1.5135980396241882,163.7079226569193,29.69942286178774,0.6962733743360271,0.09938110442590296,0
94,11.47988021414187,11025.0,0.5000000000000228,0.010876462953138353,0.0458213,1.4629377962218566,69.6146449073971,7.046377304305473,0.30192556234960743,0.19370191825174812,0
95,11.59692104068702,11025.0,0.5000000000000193,0.010876462953138351,0.045730893,1.462908536073383,73.68726894791769,18.51932809275516,0.3282428647523708,0.19644181684511233,0
96,11.646458011518032,11025.0,0.5000000000000053,0.010840221566709421,0.04573951,1.497169910424341,150.074185095008,17.965233934122715,0.5276413545347338,0.1333050120726998,0
97,10.724565484265142,11025.0,0.5000000000000621,0.010877618436596336,0.04571365,1.462928070782253,62.24612884240684,53.660185977547535,0.3045938378708249,0.17328685101114324,0
98,11.35954922609547,11025.0,0.5000000000000551,0.010897537744819842,0.045853246,1.4629103460617061,108.17345699690655,166.80107507745265,0.3535385869688798,0.18838606339433472,0
99,11.999342978109802,11025.0,0.5000000000000427,0.01080019020644829,0.04573075,1.5981671697808166,176.48379553929016,23.04086221770398,0.704547795984915,0.1381827914213991,0
100,11.416827889257087,11025.0,0.5000000000000026,0.010874142927721382,0.04571112,1.4629409295719247,85.76263064829834,26.883411362808662,0.42961209248668597,0.17999675171069507,0
101,11.35954922609547,11025.0,0.5000000000000551,0.010897537744819842,0.045853246,1.4629103460617061,108.17345699690655,166.80107507745265,0.3535385869688798,0.18838606339433472,0
102,11.197122361299751,11025.0,0.5000000000000127,0.010875304450501689,0.045345377,1.4629410195107084,75.71895883242073,201.26950282234367,0.2940683223947058,0.18006904792703168,0
103,10.261648924150672,11025.0,0.5000000000000184,0.010849652547125761,0.04605994,1.4629066214172337,111.56526110830835,213.85564823059354,0.4741605959512834,0.12785329321480607,0
104,9.759169322395742,11025.0,0.5000000000000736,0.010796733535486084,0.045711234,1.4629270238084011,146.31666034846683,64.57281414994591,0.8329438835301458,0.14425302139964766,0
105,11.1020212554837,11025.0,0.5000000000000334,0.010874142927721382,0.045779973,1.4629065165732011,50.58754538519537,30.047521917844996,0.39874351316134593,0.18349283292528834,0
106,11.240139105186445,11025.0,0.500000000000009,0.01087163987335638,0.045722842,1.4629819092731693,79.08238478073095,10.146322049896066,0.390352806915141,0.19300624461015492,0
107,12.140134927945894,11025.0,0.5000000000000419,0.010840163450859844,0.04574124,1.4628996006570945,43.31878810060405,3.932964947407721,0.34205978101605344,0.17111358442076405,0
108,11.138654104087983,11025.0,0.5000000000000294,0.010887100926898444,0.0457521,1.4628351655292295,89.08359215377114,39.290689930613034,0.376707177870569,0.16922421523286707,0
109,9.821295200788962,11025.0,0.5000000000000481,0.01092299068188428,0.045743156,1.4629860854360708,195.78866368950926,106.73224639999157,0.9501389949194885,0.07798354304128008,0
110,11.114640423894274,11025.0,0.5000000000000091,0.010848276315142596,0.045707665,1.4629367315909152,68.08596287191861,36.61070407807842,0.3906426071280098,0.11503857796803293,0
111,10.488701894409417,11025.0,0.5000000000000124,0.01087877090183768,0.046147984,1.462990384452706,116.71847212887397,160.29506989107034,0.6470027043382394,0.15708698205445076,0
112,11.74488342495658,11025.0,0.5000000000000204,0.010843699233145505,0.045756225,1.4628946887696652,70.66785406240535,2.783778313986215,0.37036287250723315,0.14346699211899258,0
113,11.149044877426821,11025.0,0.5000000000000215,0.010844852398382858,0.045875553,1.4629345793826332,84.43137392398583,11.539027458500716,0.5093169347738812,0.17054427771549185,0
114,11.1839849174787,11025.0,0.5000000000000775,0.01089750305874591,0.04630262,1.4629745788115043,139.59899178686769,173.56344310565987,1.1756298203020807,0.13497678628370074,0
115,10.347923155477265,11025.0,0.5000000000000578,0.010853980442890038,0.046803165,1.497351652844027,141.29320162488918,324.188491200393,0.6876576995009995,0.1764470528338377,0
116,11.74488342495658,11025.0,0.5000000000000204,0.010843699233145505,0.045756225,1.4628946887696652,70.66785406240535,2.783778313986215,0.37036287250723315,0.14346699211899258,0
117,11.182307951276776,11025.0,0.500000000000003,0.01084481754380007,0.045821045,1.4629222094676317,75.96232118617908,35.826741420098735,0.5053025604631304,0.15474159581947514,0
118,11.42811237520021,11025.0,0.5000000000000026,0.01084712641783959,0.045568585,1.4629494720342564,78.10029934260187,38.42757266354558,0.4263728848001524,0.16779243670812244,0
119,11.74488342495658,11025.0,0.5000000000000204,0.010843699233145505,0.045756225,1.4628946887696652,70.66785406240535,2.783778313986215,0.37036287250723315,0.14346699211899258,0
120,10.899764244534547,11025.0,0.5000000000000593,0.01086594501601203,0.0457282,1.4629343051344743,85.95284251755237,10.162912108176956,0.478880853139027,0.1674380720991875,0
121,10.313297488293383,11025.0,0.5000000000000105,0.010841383818278977,0.045870405,1.4629502888941384,111.4430869540546,244.8526162931324,0.418912490485309,0.13925893784925955,0
122,11.931053844467268,11025.0,0.500000000000024,0.010843658565130329,0.045774173,1.565122642368857,139.87482145211575,41.64134992377939,0.5953549562262167,0.14461548656877055,0
123,11.240139105186445,11025.0,0.500000000000009,0.01087163987335638,0.045722842,1.4629819092731693,79.08238478073095,10.146322049896066,0.390352806915141,0.19300624461015492,0
124,9.759169322395742,11025.0,0.5000000000000736,0.010796733535486084,0.045711234,1.4629270238084011,146.31666034846683,64.57281414994591,0.8329438835301458,0.14425302139964766,0
125,11.629015192588776,11025.0,0.5000000000000233,0.010836716623751224,0.045790307,1.4628852198123798,100.28912163146107,8.03162772332782,0.46559031600300516,0.1704324629191807,0
126,11.124614138319712,11025.0,0.5000000000000453,0.010878770901837679,0.04587792,1.4629124060803775,68.77175339768172,84.41749263274897,0.4670319594349022,0.14437930308138064,0
127,11.479133315018345,11025.0,0.5000000000000419,0.010855503939108217,0.045832027,1.4629284598838992,84.19952142817178,36.310371982419284,0.47916438577915915,0.18649937716079204,0
128,11.712156968870328,11025.0,0.5000000000000426,0.010895239553745176,0.045778573,1.4628920826396743,75.92721172736458,2.783778313986215,0.4089041416849509,0.1765832183113567,0
129,11.222365984025618,11025.0,0.5000000000000485,0.010877618436596336,0.045723762,1.4629353162334766,52.99998174197418,9.310384235079445,0.29560079585666094,0.1887472463454621,0
130,10.311087735864666,11025.0,0.5000000000000177,0.010843699233145505,0.04575315,1.462908056808585,88.51587057759511,32.34316062656502,0.5084040305809443,0.14043085695382734,0
131,11.12952516991333,11025.0,0.5000000000000239,0.010840221566709421,0.045795474,1.4629060049859743,60.83236410457321,12.276001648994313,0.3520921723359838,0.15487469539161655,0
132,11.452838828030613,11025.0,0.5000000000000185,0.01081195210167173,0.045787923,1.648307188237144,181.58177907244905,66.98512562873975,0.631307266236797,0.1432910723685176,0
133,11.42532586083394,11025.0,0.5000000000000075,0.010843699233145505,0.045810405,1.4628613507140198,74.01967480695524,18.55815532040583,0.40579061968431485,0.19154987168824594,0
134,11.283582010086807,11025.0,0.49999999999999445,0.010856676160164402,0.04607111,1.4629895416579584,86.50349263967868,40.206543286715906,0.32880977415045537,0.17453504431689398,0
135,11.726443556323147,11025.0,0.5000000000000223,0.01084942318725168,0.045805976,1.462939988522612,129.70791675270937,15.245372766580484,0.330123207936833,0.1536208431384797,0
136,12.140134927945894,11025.0,0.5000000000000419,0.010840163450859844,0.04574124,1.4628996006570945,43.31878810060405,3.932964947407721,0.34205978101605344,0.17111358442076405,0
137,10.966682109321287,11025.0,0.5000000000000683,0.010825595602817682,0.045750037,1.4630455932055486,67.9234320753708,229.69116725103214,0.3810101729281847,0.17223653940309197,0
138,11.012346605543911,11025.0,0.5000000000000274,0.010875304450501689,0.04576144,1.4629134061815479,61.214751164208394,17.385570927659504,0.3743791521766989,0.159157736124261,0
139,11.940129680192133,11025.0,0.5000000000000342,0.010861334777937617,0.045715168,1.46291925820739,142.77084499767471,60.59071651935151,0.5974686328717715,0.14385902966648215,0
140,10.311087735864666,11025.0,0.5000000000000177,0.010843699233145505,0.04575315,1.462908056808585,88.51587057759511,32.34316062656502,0.5084040305809443,0.14043085695382734,0
141,10.850123779399263,11025.0,0.5000000000000409,0.010849652547125761,0.0459057,1.46291587547357,76.91039918300086,87.58691701690502,0.39561421065086916,0.16301459146059336,0
142,11.565454378396883,11025.0,0.5000000000000178,0.010843699233145505,0.04590935,1.4629306364818437,79.67928009561443,49.21709255190133,0.37523490077434646,0.18329030256636922,0
143,11.712156968870328,11025.0,0.5000000000000426,0.010895239553745176,0.045778573,1.4628920826396743,75.92721172736458,2.783778313986215,0.4089041416849509,0.1765832183113567,0
144,11.148529335272961,11025.0,0.5000000000000387,0.010847149649294572,0.045840457,1.4629097402535,81.6723472925412,23.58285786560683,0.34257459094956455,0.15299686658568235,0
145,11.001560326127082,11025.0,0.5000000000000185,0.010840221566709421,0.045774635,1.5135370861072606,109.31251483957804,9.65281519396552,0.5916762849774062,0.17181709356519126,0
146,11.999342978109802,11025.0,0.5000000000000427,0.01080019020644829,0.04573075,1.5981671697808166,176.48379553929016,23.04086221770398,0.704547795984915,0.1381827914213991,0
147,11.565051175339237,11025.0,0.5000000000000026,0.010871810817855319,0.04574476,1.4629219743259305,122.96872537698042,19.51001197151448,0.5865952427059172,0.13325257367935184,0
148,12.368420094196985,11025.0,0.4999999999999766,0.010842543040100449,0.04575095,1.462889593438205,82.78982125720394,3.9290689930613025,0.33173731629390907,0.14144782711148918,0
149,11.74488342495658,11025.0,0.5000000000000204,0.010843699233145505,0.045756225,1.4628946887696652,70.66785406240535,2.783778313986215,0.37036287250723315,0.14346699211899258,0
150,11.409565073218491,11025.0,0.5000000000000204,0.010875304450501689,0.045758065,1.4629305970418691,97.13735750027402,39.31095371190176,0.8364423366813705,0.11904672359281565,0
151,11.646030204286165,11025.0,0.5000000000000345,0.010881066781504033,0.045703176,1.4629065975518698,67.58076502489374,5.880596182872974,0.4012515985147729,0.16186780588902694,0
152,11.16299554082015,11025.0,0.5000000000000173,0.010879920349821512,0.045776524,1.4629369203659746,54.654417442517065,38.009215856114814,0.42402753597704446,0.15626972722669802,0
153,11.124973614378273,11025.0,0.5000000000000292,0.010888263960327268,0.04569326,1.4629236935605703,75.66214853492745,41.28787949944359,0.4943264407163257,0.17968190917092133,0
154,10.733111010415234,11025.0,0.5000000000000175,0.010874142927721382,0.04575588,1.4629197884884595,54.68259968277859,21.975316960449074,0.4230983048283946,0.1502403923814193,0
155,11.203205452686234,11025.0,0.5000000000000528,0.010825595602817682,0.04563015,1.4630167837572279,90.55495625244689,19.654697665177114,0.3947262252431161,0.1889667284933347,0
156,11.808347094355248,11025.0,0.5000000000000425,0.010884487988262153,0.045682043,1.5313220427312557,156.48261802775656,15.148626959661945,0.34675004249388697,0.18457914839700446,0
157,11.18595151961727,11025.0,0.5000000000000593,0.010840221566709421,0.045800276,1.4629103782116635,87.89220810168624,62.60755948588546,0.6040632700855727,0.12866328567560958,0
158,10.194190226387871,11025.0,0.5000000000000239,0.010841383818278977,0.045754872,1.462901467795971,91.9925501166412,28.6543389183364,0.486370827350547,0.1493278967125768,0
159,10.63551946737335,11025.0,0.5000000000000544,0.010796733535486084,0.04587141,1.462920631377299,81.56644589827953,37.19421472846709,0.5747798630682206,0.13434308090513183,0
160,11.182307951276776,11025.0,0.500000000000003,0.01084481754380007,0.045821045,1.4629222094676317,75.96232118617908,35.826741420098735,0.5053025604631304,0.15474159581947514,0
161,11.032724484309634,11025.0,0.5000000000000467,0.01090302253651928,0.04628762,1.4630010546199188,155.40044333919394,190.32663399133241,1.174681123050304,0.08607917319769193,0
162,11.183090170813484,11025.0,0.5000000000000224,0.01084712641783959,0.045735024,1.4629043348331172,49.59407820773279,24.61990149457077,0.40416291938874643,0.17285380353913657,0
163,11.59692104068702,11025.0,0.5000000000000193,0.010876462953138351,0.045730893,1.462908536073383,73.68726894791769,18.51932809275516,0.3282428647523708,0.19644181684511233,0
164,11.546259711671409,11025.0,0.5000000000000198,0.010878770901837679,0.045528863,1.462937003355318,72.7294006847159,51.74754172332114,0.3561533915744657,0.18716439726110917,0
165,11.726443556323147,11025.0,0.5000000000000223,0.01084942318725168,0.045805976,1.462939988522612,129.70791675270937,15.245372766580484,0.330123207936833,0.1536208431384797,0
166,10.398399047952699,11025.0,0.5000000000000114,0.010838992350092752,0.04578004,1.4629253207749644,119.65572521767469,207.03181869233254,0.4593472737331802,0.1439844868564484,0
167,11.545521513063203,11025.0,0.5000000000000364,0.010871810817855319,0.045994747,1.462960074518542,119.14837338843869,100.35727871432464,0.6370444861876413,0.16478331623344372,0
168,10.526261558629054,11025.0,0.5000000000000682,0.010850802176726052,0.045785062,1.4629082754393585,117.59014835277434,26.372680091977088,0.8532105533190156,0.12596271285422234,0
169,11.748192061234484,11025.0,0.5000000000000089,0.01084597349438046,0.045707062,1.4629324311648622,122.07897846865494,17.104939546377537,0.3512751635596564,0.16742580191588557,0
170,11.222891977432818,11025.0,0.500000000000058,0.010876462953138353,0.04616404,1.462950456925293,77.09741788831757,208.6857167458043,0.4183244403623159,0.16625338089019617,0
171,11.698323868242452,11025.0,0.5000000000000528,0.010802479459584456,0.0456913,1.497126154230531,147.13381012475477,8.002973947639537,0.6932827848028603,0.14603656107878793,0
172,11.393069028123676,11025.0,0.5000000000000419,0.010879920349821513,0.045691863,1.4629635460896986,67.50261610040813,14.183746436816252,0.49270551750036945,0.13914411409273436,0
173,11.74488342495658,11025.0,0.5000000000000204,0.010843699233145505,0.045756225,1.4628946887696652,70.66785406240535,2.783778313986215,0.37036287250723315,0.14346699211899258,0
174,11.74499347860161,11025.0,0.500000000000015,0.010894085939274755,0.04573973,1.4628729444172006,142.3038915962371,8.719172609812281,0.38370865305038643,0.17371145668440613,0
175,10.908867120455055,11025.0,0.5000000000000133,0.010843658565130327,0.045954805,1.4628780703881987,60.27559015634664,11.6038799902375,0.4297337228512011,0.14771753031973456,0
176,10.899764244534547,11025.0,0.5000000000000593,0.01086594501601203,0.0457282,1.4629343051344743,85.95284251755237,10.162912108176956,0.478880853139027,0.1674380720991875,0
177,11.289898007621781,11025.0,0.5000000000000215,0.010846185502096269,0.04576129,1.46291380891193,81.96724811895608,51.87700906267788,0.5510334634402668,0.14811970614002085,0
178,10.214830383156853,11025.0,0.5000000000000435,0.010840163450859844,0.04574963,1.4629088196907456,91.23320385019684,52.09618875228679,0.5082020405436366,0.13412119661039126,0
179,10.398399047952699,11025.0,0.5000000000000114,0.010838992350092752,0.04578004,1.4629253207749644,119.65572521767469,207.03181869233254,0.4593472737331802,0.1439844868564484,0
180,10.733111010415234,11025.0,0.5000000000000175,0.010874142927721382,0.04575588,1.4629197884884595,54.68259968277859,21.975316960449074,0.4230983048283946,0.1502403923814193,0
181,10.858852122298153,11025.0,0.5000000000000091,0.010879920349821512,0.0457988,1.4628996800293756,87.61865746439423,41.59130109089593,0.62350871399839,0.16179823187439377,0
182,11.024193778456704,11025.0,0.5000000000000215,0.010843658565130327,0.045637935,1.4629262687045772,53.58579208888699,31.007735054845732,0.41999740129228785,0.17769349135572862,0
183,11.148529335272961,11025.0,0.5000000000000387,0.010847149649294572,0.045840457,1.4629097402535,81.6723472925412,23.58285786560683,0.34257459094956455,0.15299686658568235,0
184,11.17049232634142,11025.0,0.5000000000000272,0.010861334777937617,0.04589624,1.4629308573244248,77.71032995099897,58.94019249423846,0.30550708327834647,0.16345474816544053,0
185,11.479133315018345,11025.0,0.5000000000000419,0.010855503939108217,0.045832027,1.4629284598838992,84.19952142817178,36.310371982419284,0.47916438577915915,0.18649937716079204,0
186,11.220248522588662,11025.0,0.5000000000000294,0.01084942318725168,0.045764603,1.4628754521177392,57.51283754816827,15.667476636991339,0.2937563459390875,0.17150190934227255,0
187,11.47988021414187,11025.0,0.5000000000000228,0.010876462953138353,0.0458213,1.4629377962218566,69.6146449073971,7.046377304305473,0.30192556234960743,0.19370191825174812,0
188,10.336681969951124,11025.0,0.5000000000000658,0.01084481754380007,0.046166245,1.4628863831348422,102.88649611883612,240.01061745590613,0.45636254312289753,0.13184603674596504,0
189,10.904537501978888,11025.0,0.5000000000000119,0.010876462953138353,0.045734406,1.4629087807087842,66.28144220640083,30.199536103534623,0.5470151092725128,0.11551064092852152,0
190,10.955369829485896,11025.0,0.500000000000029,0.010882210197838542,0.04588486,1.462947421805707,68.90237716909093,239.99032503773827,0.31921001164263957,0.14192763126105815,0
191,11.321763971830919,11025.0,0.5000000000000394,0.010847344210776792,0.045859247,1.4629072162807355,81.95974717805642,133.02828369612615,0.29714603328531547,0.19775144545007156,0
192,10.907365705328996,11025.0,0.5000000000000379,0.010879920349821512,0.04586026,1.462917821569729,76.87420145100344,83.27479209527078,0.6070063061886061,0.1686448256452927,0
193,11.308673461240254,11025.0,0.5000000000000158,0.010876462953138351,0.045744896,1.4800261758411644,115.0602488551857,51.78807200092744,0.5499889022161593,0.1745282322771866,0
194,11.014907394401135,11025.0,0.5000000000000379,0.01087877090183768,0.045680266,1.4629364541034369,58.43171740131079,27.904821186111267,0.4195313795631683,0.18199740058132233,0
195,11.665847745116286,11025.0,0.5000000000000175,0.010881066781504033,0.04574212,1.4629171075510017,74.43663977338879,12.414942227813274,0.29756857308265394,0.16217129557563148,0
196,11.959191551443013,11025.0,0.5000000000000278,0.010843658565130327,0.045766287,1.5314171935167706,146.37348979705652,27.01695552700142,0.5439229491413282,0.16036025567582884,0
197,10.44744546025965,11025.0,0.5000000000000298,0.010844852398382858,0.045740053,1.4629122447935308,121.975057438751,37.93540795966815,0.63220091501428,0.15526597583214477,0
198,10.766837070541017,11025.0,0.5000000000000734,0.01084481754380007,0.0456694,1.4629500593530298,75.26938148665869,13.113257545161584,0.5395159195283531,0.0920416021487572,0
199,11.726443556323147,11025.0,0.5000000000000223,0.01084942318725168,0.045805976,1.462939988522612,129.70791675270937,15.245372766580484,0.330123207936833,0.1536208431384797,0
200,10.951364878042128,11025.0,0.5000000000000171,0.010843699233145505,0.04583142,1.4629250389873705,81.96245952880471,30.794620948334877,0.4213999227126979,0.1666551902346398,0
201,11.114640423894274,11025.0,0.5000000000000091,0.010848276315142596,0.045707665,1.4629367315909152,68.08596287191861,36.61070407807842,0.3906426071280098,0.11503857796803293,0
202,11.959191551443013,11025.0,0.5000000000000278,0.010843658565130327,0.045766287,1.5314171935167706,146.37348979705652,27.01695552700142,0.5439229491413282,0.16036025567582884,0
203,10.724565484265142,11025.0,0.5000000000000621,0.010877618436596336,0.04571365,1.462928070782253,62.24612884240684,53.660185977547535,0.3045938378708249,0.17328685101114324,0
204,11.024736950031585,11025.0,0.5000000000000284,0.010876462953138351,0.045800425,1.4628907533999969,71.25067597849663,234.3553247255872,0.3548866101390506,0.1420510387079212,0
205,11.0268158982659,11025.0,0.5000000000000371,0.010848276315142596,0.045777563,1.4628837244819028,71.23733428177013,48.32718100775586,0.4494996177797984,0.17405779014153047,0
206,11.424535646276528,11025.0,0.5000000000000402,0.010840221566709421,0.045710087,1.4629191598375033,71.09716036563442,9.209496021031253,0.6911656741716102,0.15366989459072555,0
207,10.448559930704082,11025.0,0.5000000000000216,0.01084942318725168,0.045779414,1.462929296696943,83.64414253607268,28.71840444528795,0.5983042795060701,0.10867592721876987,0
208,11.308673461240254,11025.0,0.5000000000000158,0.010876462953138351,0.045744896,1.4800261758411644,115.0602488551857,51.78807200092744,0.5499889022161593,0.1745282322771866,0
209,11.186316608509836,11025.0,0.5000000000000274,0.010842496557400197,0.045680057,1.462914258036085,68.13259280322292,59.55283106808398,0.39579564649597426,0.14526143303582564,0
0,11.544134510488256,11025.0,0.5000000000000001,0.014901769380918724,0.085897066,71.73029605481743,131.45948730253684,297.7289212853898,1.1729199813798774,0.143295328687938,1
1,11.031673563002848,11025.0,0.49999999999999833,0.01404798728751482,0.04613192,59.81051381670542,64.4061570707256,118.6792864747054,0.4121814744350679,0.188307836374414,1
2,13.007817604349245,11025.0,0.4999999999999988,0.01982961018717356,0.1391345,47.18006669152593,175.09850116648155,582.6365219401106,1.4460003711945546,0.15969266571173527,1
3,10.897024330695553,11025.0,0.5000000000000022,0.014716000687791568,0.04684266,52.729878799485114,64.37483451037754,141.61831945153565,0.5214904441139178,0.16995966016726755,1
4,11.1199942972556,11025.0,0.49999999999999895,0.014533274082418064,0.04827537,95.52254542465157,156.57372762558063,236.57707555346167,0.3745136636121202,0.1484187453254297,1
5,10.898059738906806,11025.0,0.5000000000000021,0.015105914776816668,0.046166774,61.59599674722928,81.84929288078467,161.51803587026816,0.4531340639999414,0.16981607081645272,1
6,11.088858866830734,11025.0,0.499999999999998,0.015167595152305355,0.044681545,101.66519376958692,130.83310371054208,218.9610151363546,0.40402475567196594,0.18062792754804938,1
7,11.052036623296706,11025.0,0.5000000000000063,0.014626444355352996,0.045598578,68.64031706328855,63.99576771646104,147.52156498876437,0.4136384890769199,0.1795783440469877,1
8,11.075239040215845,11025.0,0.4999999999999969,0.0181925194492154,0.048152376,97.08847702370758,162.20511269720438,231.23382114626642,0.4245360778105716,0.17722493353471305,1
9,10.85853155215072,11025.0,0.4999999999999947,0.014171995681663503,0.047248755,56.1287651297811,74.91431602941351,150.67154860572398,0.3635840043743471,0.18696960161659743,1
10,11.06540274174741,11025.0,0.5000000000000002,0.015142476792720697,0.046197098,87.85360575833235,160.26662521825375,228.4297799525995,0.43248200044353974,0.15432404618621876,1
11,13.082978899766069,11025.0,0.4999999999999978,0.02044964891395038,0.17036289,44.46707508467144,182.34116790174014,598.4330333377541,1.2948699675752557,0.07099959423244495,1
12,11.044077692231625,11025.0,0.500000000000002,0.015396755344576223,0.046865493,89.98447986682815,153.65713143070698,200.26654208549664,0.3811207309245501,0.18759064051965327,1
13,10.978433499880195,11025.0,0.5000000000000014,0.01792539266079289,0.04578653,90.99353000144527,151.8158713374077,219.82299000962726,0.3895546630098964,0.17263870849584703,1
14,10.991338849261897,11025.0,0.5000000000000029,0.01786819790290588,0.045108654,90.3408671521129,155.789459996657,231.22911863129838,0.427954784292822,0.19440259131138027,1
15,11.606379586175029,11025.0,0.5000000000000001,0.01576992045300142,0.07249711,66.5669659494586,123.68740886971693,290.7874483675343,1.302100825421875,0.09910741378161779,1
16,11.020147557271214,11025.0,0.5000000000000014,0.014564846912780947,0.047752835,56.45895561384191,68.7328541014312,137.41057117749034,0.417704958373859,0.16051286024698896,1
17,13.063282002358951,11025.0,0.5000000000000007,0.01977103189148352,0.1373975,46.52837109796626,141.66444252885265,471.5641843853558,1.2754119260376582,0.11781879916311931,1
18,11.112048503242635,11025.0,0.5000000000000018,0.014495453673983872,0.045957588,66.20866454515142,66.93098828501996,138.32701690221649,0.354856933029427,0.17734737968885889,1
19,11.613262738014432,11025.0,0.4999999999999963,0.014215275665392008,0.07720912,69.58601283344342,125.97586958725326,303.72468966475,1.2407902989336024,0.08971378502206517,1
